,Geographic name,Geographic area type abbreviation,"Population, 2021","Population, 2016","Land area in square kilometres, 2021"
0,Communauté maritime des Îles-de-la-Madeleine,TÉ,"12,654","12,475",187.33
1,Grosse-Île,MÉ,464,465,32.28
2,Les Îles-de-la-Madeleine,MÉ,"12,190","12,010",155.06
3,Gatineau,TÉ,"291,041","276,245",341.84
4,Gatineau,V,"291,041","276,245",341.84
5,La Tuque,TÉ,"15,038","15,059","26,031.84"
6,La Tuque,V,"11,129","11,001","24,809.40"
7,La Bostonnais,MÉ,556,635,284.32
8,Lac-Édouard,MÉ,220,191,898.32
9,Communauté de Wemotaci,IRI,"1,142","1,213",31.55
10,Obedjiwan 28,IRI,"1,991","2,019",8.26
11,Laval,TÉ,"438,366","422,993",246.13
12,Laval,V,"438,366","422,993",246.13
13,Longueuil,TÉ,"436,785","415,347",282.39
14,Boucherville,V,"41,743","41,671",71.02
15,Brossard,V,"91,525","85,721",45.19
16,Longueuil 5,V,"254,483","239,897r",115.77
17,Saint-Bruno-de-Montarville 5,V,"26,273","26,197r",42.85
18,Saint-Lambert,V,"22,761","21,861",7.56
19,Lévis,TÉ,"149,683","143,414",448.07
20,Lévis,V,"149,683","143,414",448.07
21,Mirabel,TÉ,"61,108","50,513",484.09
22,Mirabel,V,"61,108","50,513",484.09
23,Montréal,TÉ,"2,004,265","1,942,044",498.29
24,Senneville,VL,951,921,7.45
25,Baie-D'Urfé,V,"3,764","3,823",6.03
26,Beaconsfield,V,"19,277","19,324",11.03
27,Côte-Saint-Luc,V,"34,504","32,448",7.04
28,Dollard-Des Ormeaux,V,"48,403","48,899",14.98
29,Dorval,V,"19,302","18,980",20.91
30,Hampstead,V,"7,037","6,973",1.79
31,Kirkland,V,"19,413","20,151",9.65
32,L'Île-Dorval,V,30,5,0.19
33,Mont-Royal,V,"20,953","20,276",7.55
34,Montréal,V,"1,762,949","1,704,694",364.74
35,Montréal-Est,V,"4,394","3,850",12.15
36,Montréal-Ouest,V,"5,115","5,050",1.37
37,Pointe-Claire,V,"33,488","31,380",18.91
38,Sainte-Anne-de-Bellevue,V,"5,027","4,958",10.46
39,Westmount,V,"19,658","20,312",4.04
40,Québec,TÉ,"588,777","569,717",547.60
41,L'Ancienne-Lorette,V,"16,970","16,543",7.72
42,Québec,V,"549,459","531,902",452.30
43,Saint-Augustin-de-Desmaures,V,"19,907","18,820",85.80
44,Notre-Dame-des-Anges,PE,241,318,0.04
45,Wendake,IRI,"2,200","2,134",1.74
46,Rouyn-Noranda,TÉ,"42,313","42,334","5,963.57"
47,Rouyn-Noranda,V,"42,313","42,334","5,963.57"
48,Shawinigan,TÉ,"49,620","49,349",729.98
49,Shawinigan,V,"49,620","49,349",729.98
50,Sherbrooke,TÉ,"172,950","161,323",353.40
51,Sherbrooke,V,"172,950","161,323",353.40
52,Abitibi,MRC,"24,764","24,639","7,627.63"
53,Amos,V,"12,675","12,823",429.04
54,Saint-Marc-de-Figuery,PE,868,834,80.79
55,Lac-Chicobi,NO,161,136,716.01
56,Lac-Despinassy,NO,21,10,"1,848.65"
57,Barraute,MÉ,"1,986","1,968",493.04
58,Berry,MÉ,535,538,575.07
59,Champneuf,MÉ,94,123,241.32
60,La Corne,MÉ,778,719,308.13
61,La Morandière,MÉ,205,207,407.35
62,La Motte,MÉ,478,453,175.48
63,Preissac,MÉ,914,835,422.13
64,Rochebaucourt,MÉ,146,131,183.63
65,Saint-Dominique-du-Rosaire,MÉ,434,450,479.89
66,Saint-Félix-de-Dalquier,MÉ,"1,026",940,113.15
67,Saint-Mathieu-d'Harricana,MÉ,770,739,105.86
68,Sainte-Gertrude-Manneville,MÉ,793,787,316.46
69,Pikogan,IRI,540,538,1.00
70,Landrienne,CT,897,967,275.93
71,Launay,CT,211,218,257.80
72,Trécesson,CT,"1,232","1,223",196.89
73,Abitibi-Ouest,MRC,"20,526","20,538","3,312.45"
74,Duparquet,V,716,666,121.17
75,La Sarre,V,"7,358","7,282",148.36
76,Macamic,V,"2,744","2,751",202.05
77,Saint-Lambert,PE,191,194,99.81
78,Sainte-Hélène-de-Mancebourg,PE,410,373,68.15
79,Lac-Duparquet,NO,0,0,113.66
80,Rivière-Ojima,NO,60,86,354.47
81,Authier,MÉ,290,268,142.22
82,Authier-Nord,MÉ,288,300,278.05
83,Chazel,MÉ,254,289,133.55
84,Clerval,MÉ,373,371,99.17
85,Dupuy,MÉ,940,931,122.43
86,Gallichan,MÉ,488,468,73.61
87,La Reine,MÉ,307,339,97.63
88,Normétal,MÉ,778,808,55.25
89,Palmarolle,MÉ,"1,386","1,409",117.87
90,Poularies,MÉ,662,682,168.19
91,Rapide-Danseur,MÉ,380,328,173.73
92,Roquemaure,MÉ,409,395,120.02
93,Sainte-Germaine-Boulé,MÉ,941,986,110.04
94,Taschereau,MÉ,898,963,246.97
95,Val-Saint-Gilles,MÉ,169,157,109.39
96,Clermont,CT,484,492,156.66
97,Acton,MRC,"15,654","15,594",579.64
98,Roxton Falls,VL,"1,322","1,305",4.94
99,Acton Vale,V,"7,605","7,656",91.01
100,Saint-Nazaire-d'Acton,PE,880,884,58.04
101,Sainte-Christine,PE,772,730,92.12
102,Béthanie,MÉ,350,322,47.01
103,Saint-Théodore-d'Acton,MÉ,"1,564","1,519",82.82
104,Upton,MÉ,"2,046","2,092",54.77
105,Roxton,CT,"1,115","1,086",148.93
106,Antoine-Labelle,MRC,"36,462","35,243","14,809.85"
107,Lac-Saguay,VL,526,459,171.88
108,Mont-Laurier,V,"14,180","14,116",587.42
109,Rivière-Rouge,V,"4,631","4,322",451.43
110,Baie-des-Chaloupes,NO,0,0,890.15
111,Lac-Akonapwehikan,NO,0,0,7.54
112,Lac-Bazinet,NO,0,0,"1,536.22"
113,Lac-De La Bidière,NO,0,0,"1,530.44"
114,Lac-Douaire,NO,5,5,"1,957.99"
115,Lac-Ernest,NO,0,0,339.30
116,Lac-Marguerite,NO,0,0,803.59
117,Lac-Oscar,NO,0,0,"1,667.85"
118,Lac-Wagwabika,NO,0,0,4.13
119,Lac-de-la-Maison-de-Pierre,NO,0,0,472.88
120,Lac-de-la-Pomme,NO,0,0,50.27
121,Chute-Saint-Philippe,MÉ,"1,039",942,298.64
122,Ferme-Neuve,MÉ,"2,716","2,706",786.19
123,Kiamika,MÉ,790,757,337.53
124,L'Ascension,MÉ,899,791,334.82
125,La Macaza,MÉ,"1,094","1,150",161.42
126,Lac-Saint-Paul,MÉ,525,481,170.72
127,Lac-des-Écorces,MÉ,"2,885","2,734",144.30
128,Lac-du-Cerf,MÉ,445,435,71.73
129,Mont-Saint-Michel 3,MÉ,581,576r,138.16
130,Nominingue,MÉ,"2,255","2,137",303.89
131,Notre-Dame-de-Pontmain,MÉ,790,782,259.90
132,Notre-Dame-du-Laus,MÉ,"1,730","1,558",849.10
133,Saint-Aimé-du-Lac-des-Îles,MÉ,815,790,161.61
134,Sainte-Anne-du-Lac,MÉ,556,575,320.73
135,Argenteuil,MRC,"34,752","32,389","1,234.69"
136,Grenville,VL,"1,816","1,711",2.82
137,Brownsburg-Chatham,V,"7,247","7,122",244.46
138,Lachute 4,V,"14,100","12,862r",108.66
139,Grenville-sur-la-Rouge,MÉ,"2,883","2,824",313.61
140,Mille-Isles,MÉ,"1,721","1,567",58.73
141,Saint-André-d'Argenteuil 4,MÉ,"3,053","3,020r",97.69
142,Gore,CT,"2,283","1,904",90.04
143,Harrington,CT,967,846,233.65
144,Wentworth,CT,682,533,85.03
145,Arthabaska,MRC,"74,348","72,014","1,887.09"
146,Daveluyville 5,V,"2,360","2,255r",61.71
147,Kingsey Falls,V,"1,986","1,947",69.36
148,Victoriaville,V,"47,760","46,130",84.33
149,Warwick,V,"4,729","4,635",109.60
150,Saint-Christophe-d'Arthabaska,PE,"3,111","3,021",68.96
151,Saint-Rosaire,PE,932,843,109.53
152,Sainte-Séraphine,PE,441,355,75.86
153,Saints-Martyrs-Canadiens,PE,277,254,111.40
154,Chesterville,MÉ,877,922,116.72
155,Maddington Falls,MÉ,428,413,23.82
156,Notre-Dame-de-Ham,MÉ,414,411,31.05
157,Saint-Albert,MÉ,"1,640","1,601",69.43
158,Saint-Louis-de-Blandford,MÉ,"1,076","1,011",104.36
159,Saint-Norbert-d'Arthabaska,MÉ,"1,247","1,157",102.98
160,Saint-Rémi-de-Tingwick,MÉ,446,458,72.97
161,Saint-Samuel,MÉ,765,744,43.21
162,Saint-Valère,MÉ,"1,188","1,263",108.10
163,Sainte-Clotilde-de-Horton,MÉ,"1,563","1,569",114.66
164,Sainte-Hélène-de-Chester,MÉ,384,374,83.72
165,Sainte-Élizabeth-de-Warwick,MÉ,383,372,51.87
166,Tingwick,MÉ,"1,484","1,410",169.48
167,Ham-Nord,CT,857,869,103.98
168,Avignon 2,MRC,"13,415","14,461","3,487.37"
169,Carleton-sur-Mer,V,"4,081","4,073",221.48
170,Rivière-Nouvelle,NO,0,0,"1,087.60"
171,Ruisseau-Ferguson,NO,0,0,675.94
172,Escuminac,MÉ,575,544,108.70
173,L'Ascension-de-Patapédia,MÉ,148,164,95.98
174,Maria,MÉ,"2,760","2,615",94.88
175,Matapédia,MÉ,566,645,71.59
176,Nouvelle 3,MÉ,"1,782","1,681r",234.66
177,Pointe-à-la-Croix 3,MÉ,"1,344","1,408r",390.73
178,Saint-Alexis-de-Matapédia,MÉ,519,500,84.91
179,Saint-André-de-Restigouche,MÉ,154,161,143.37
180,Saint-François-d'Assise,MÉ,679,644,179.34
181,Gesgapegiag,IRI,637,653,2.20
182,Listuguj 3 6,IRI,..,"1,514r",44.23
183,Ristigouche-Partie-Sud-Est,CT,170,171,51.76
184,Beauce-Sartigan,MRC,"53,384","52,406","1,952.73"
185,La Guadeloupe,VL,"1,805","1,707",32.84
186,Lac-Poulin,VL,171,147,0.88
187,Saint-Georges,V,"32,935","32,513",199.08
188,Notre-Dame-des-Pins,PE,"1,812","1,594",24.09
189,Saint-Hilaire-de-Dorset,PE,96,95,186.77
190,Saint-Martin,PE,"2,588","2,477",118.00
191,Saint-René,PE,946,745,61.54
192,Saint-Benoît-Labre,MÉ,"1,617","1,630",85.65
193,Saint-Côme--Linière,MÉ,"3,278","3,239",150.45
194,Saint-Gédéon-de-Beauce,MÉ,"2,093","2,205",197.37
195,Saint-Honoré-de-Shenley 3,MÉ,"1,555","1,517r",133.96
196,Saint-Philibert,MÉ,379,369,57.16
197,Saint-Simon-les-Mines,MÉ,573,549,47.43
198,Saint-Théophile,MÉ,702,713,427.78
199,Saint-Éphrem-de-Beauce,MÉ,"2,323","2,400",118.90
200,Saint-Évariste-de-Forsyth 3,MÉ,511,545r,110.85
201,Beauharnois-Salaberry,MRC,"68,322","64,320",468.48
202,Beauharnois,V,"13,638","12,884",68.22
203,Salaberry-de-Valleyfield,V,"42,787","40,745",108.56
204,Saint-Louis-de-Gonzague,PE,"1,950","1,481",77.04
205,Saint-Stanislas-de-Kostka,MÉ,"1,852","1,654",57.69
206,Saint-Urbain-Premier,MÉ,"1,332","1,264",53.28
207,Saint-Étienne-de-Beauharnois,MÉ,"1,099",831,40.63
208,Sainte-Martine,MÉ,"5,664","5,461",63.06
209,Bellechasse,MRC,"38,000","37,233","1,749.91"
210,La Durantaye,PE,782,755,34.99
211,Notre-Dame-Auxiliatrice-de-Buckland,PE,767,768,94.71
212,Saint-Damien-de-Buckland,PE,"1,893","1,956",82.04
213,Saint-Léon-de-Standon,PE,"1,042","1,127",136.88
214,Saint-Malachie,PE,"1,667","1,517",101.07
215,Saint-Nazaire-de-Dorchester,PE,338,363,51.56
216,Saint-Philémon,PE,680,714,146.51
217,Armagh,MÉ,"1,439","1,488",167.99
218,Beaumont,MÉ,"2,968","2,942",44.57
219,Honfleur,MÉ,881,849,50.67
220,Saint-Anselme,MÉ,"4,047","3,938",74.22
221,Saint-Charles-de-Bellechasse,MÉ,"2,583","2,396",93.30
222,Saint-Gervais,MÉ,"2,138","2,153",89.33
223,Saint-Henri,MÉ,"5,813","5,611",122.61
224,Saint-Lazare-de-Bellechasse,MÉ,"1,332","1,288",85.93
225,Saint-Michel-de-Bellechasse,MÉ,"1,871","1,813",43.08
226,Saint-Nérée-de-Bellechasse,MÉ,744,742,75.76
227,Saint-Raphaël,MÉ,"2,458","2,390",121.69
228,Saint-Vallier,MÉ,"1,031","1,061",44.88
229,Sainte-Claire,MÉ,"3,526","3,362",88.14
230,Bonaventure,MRC,"17,557","17,660","4,379.46"
231,Bonaventure,V,"2,733","2,706",104.50
232,New Richmond,V,"3,683","3,706",172.50
233,Paspébiac,V,"3,033","3,164",94.98
234,Saint-Siméon,PE,"1,207","1,171",56.71
235,Rivière-Bonaventure,NO,59,35,"3,054.37"
236,Caplan,MÉ,"1,966","2,024",85.69
237,Cascapédia--Saint-Jules,MÉ,764,730,164.29
238,Hope Town,MÉ,334,339,51.26
239,New Carlisle,MÉ,"1,336","1,388",67.99
240,Saint-Alphonse,MÉ,711,699,112.09
241,Saint-Elzéar,MÉ,464,458,204.16
242,Shigawake,MÉ,333,292,76.82
243,Hope,CT,584,568,70.55
244,Saint-Godefroi,CT,350,380,63.57
245,Brome-Missisquoi,MRC,"64,786","58,314","1,650.20"
246,Abercorn,VL,341,334,26.72
247,Brome,VL,341,296,11.56
248,Bedford,V,"2,558","2,560",4.23
249,Bromont,V,"11,357","9,041",114.05
250,Cowansville,V,"15,234","13,656",46.87
251,Dunham,V,"3,599","3,432",193.86
252,Farnham,V,"10,149","8,909",92.12
253,Lac-Brome,V,"5,923","5,495",206.90
254,Sutton,V,"4,548","4,012",245.69
255,Bolton-Ouest,MÉ,732,630,100.94
256,Brigham,MÉ,"2,282","2,306",86.92
257,East Farnham,MÉ,612,554,5.02
258,Frelighsburg,MÉ,"1,123","1,111",123.31
259,Notre-Dame-de-Stanbridge,MÉ,691,668,43.89
260,Pike River,MÉ,503,517,40.77
261,Saint-Armand,MÉ,"1,228","1,205",83.16
262,Saint-Ignace-de-Stanbridge,MÉ,677,676,69.42
263,Sainte-Sabine,MÉ,"1,105","1,085",55.33
264,Stanbridge East,MÉ,834,866,49.41
265,Stanbridge Station,MÉ,291,274,18.07
266,Bedford,CT,658,687,31.96
267,Bécancour,MRC,"20,748","20,404","1,143.13"
268,Bécancour,V,"13,561","13,031",439.54
269,Parisville,PE,396,530,35.58
270,Sainte-Cécile-de-Lévrard,PE,349,372,32.32
271,Sainte-Sophie-de-Lévrard,PE,704,729,84.05
272,Deschaillons-sur-Saint-Laurent,MÉ,906,909,36.51
273,Fortierville,MÉ,660,669,44.55
274,Lemieux,MÉ,292,301,74.60
275,Manseau,MÉ,807,816,104.48
276,Saint-Pierre-les-Becquets,MÉ,"1,183","1,137",48.14
277,Saint-Sylvère,MÉ,786,791,86.30
278,Sainte-Françoise,MÉ,467,449,87.02
279,Sainte-Marie-de-Blandford,MÉ,443,468,69.30
280,Wôlinak,IRI,194,202,0.74
281,Charlevoix,MRC,"13,371","12,997","3,736.80"
282,Baie-Saint-Paul,V,"7,371","7,146",545.85
283,Saint-Hilarion,PE,"1,146","1,127",100.30
284,Saint-Urbain,PE,"1,320","1,373",330.57
285,Lac-Pikauba 3,NO,0,0r,"2,440.54"
286,L'Isle-aux-Coudres,MÉ,"1,116","1,143",29.46
287,Les Éboulements,MÉ,"1,465","1,331",156.19
288,Petite-Rivière-Saint-François,MÉ,953,814,133.89
289,Charlevoix-Est,MRC,"15,409","15,509","2,288.97"
290,Clermont,V,"3,065","3,085",51.53
291,La Malbaie,V,"8,235","8,271",458.19
292,Saint-Irénée,PE,678,641,59.92
293,Mont-Élie,NO,51,63,851.18
294,Sagard,NO,110,130,204.59
295,Baie-Sainte-Catherine,MÉ,184,206,232.89
296,Notre-Dame-des-Monts,MÉ,789,791,57.93
297,Saint-Aimé-des-Lacs,MÉ,"1,158","1,095",91.61
298,Saint-Siméon,MÉ,"1,139","1,227",281.14
299,Coaticook,MRC,"18,906","18,497","1,338.86"
300,Coaticook 3,V,"8,867","8,955r",219.45
301,Waterville,V,"2,307","2,121",44.03
302,Barnston-Ouest 3,MÉ,546,559r,99.36
303,Compton,MÉ,"3,270","3,131",206.58
304,Dixville,MÉ,732,696,76.56
305,East Hereford,MÉ,282,269,72.10
306,Martinville,MÉ,441,436,47.66
307,Saint-Herménégilde,MÉ,690,670,166.15
308,Saint-Malo,MÉ,514,475,131.83
309,Saint-Venant-de-Paquette,MÉ,69,97,58.75
310,Stanstead-Est,MÉ,642,584,114.54
311,Sainte-Edwidge-de-Clifton,CT,546,504,101.84
312,D'Autray,MRC,"44,080","42,189","1,234.67"
313,Berthierville,V,"4,386","4,189",6.77
314,Lavaltrie,V,"14,425","13,657",68.22
315,Saint-Gabriel 5,V,"2,803","2,640r",2.81
316,Saint-Barthélemy,PE,"2,087","1,934",105.36
317,Saint-Didace,PE,688,652,99.60
318,Saint-Norbert,PE,"1,060","1,003",74.60
319,La Visitation-de-l'Île-Dupas,MÉ,684,626,28.15
320,Lanoraie,MÉ,"5,134","4,787",102.74
321,Mandeville,MÉ,"2,363","2,189",318.21
322,Saint-Cléophas-de-Brandon,MÉ,254,227,15.34
323,Saint-Cuthbert,MÉ,"1,821","1,862",131.72
324,Saint-Gabriel-de-Brandon 5,MÉ,"2,684","2,635r",99.23
325,Saint-Ignace-de-Loyola,MÉ,"2,048","2,049",31.90
326,Sainte-Geneviève-de-Berthier,MÉ,"2,253","2,280",67.03
327,Sainte-Élisabeth,MÉ,"1,390","1,459",83.00
328,Deux-Montagnes 2,MRC,"102,052","98,203",242.88
329,Deux-Montagnes,V,"17,915","17,496",6.08
330,Saint-Eustache,V,"45,276","44,008",70.51
331,Sainte-Marthe-sur-le-Lac,V,"19,797","18,074",8.73
332,Kanesatake 6,S-É,..,..,11.86
333,Oka,MÉ,"3,968","3,824",56.99
334,Pointe-Calumet,MÉ,"6,281","6,428",4.59
335,Saint-Joseph-du-Lac,MÉ,"7,031","6,687",41.22
336,Saint-Placide,MÉ,"1,784","1,686",42.89
337,Drummond,MRC,"107,967","103,397","1,599.10"
338,Notre-Dame-du-Bon-Conseil,VL,"1,708","1,557",4.20
339,Drummondville,V,"79,258","75,423",247.11
340,Notre-Dame-du-Bon-Conseil,PE,885,949,87.49
341,Saint-Edmond-de-Grantham,PE,804,762,48.29
342,Saint-Majorique-de-Grantham,PE,"1,384","1,388",57.50
343,Saint-Pie-de-Guire,PE,446,450,51.27
344,Sainte-Brigitte-des-Saults,PE,737,723,70.79
345,Durham-Sud,MÉ,"1,051","1,043",92.64
346,L'Avenir,MÉ,"1,350","1,307",97.59
347,Lefebvre,MÉ,925,904,66.18
348,Saint-Bonaventure,MÉ,"1,066","1,031",78.72
349,Saint-Cyrille-de-Wendover,MÉ,"4,920","4,723",110.20
350,Saint-Eugène,MÉ,"1,139","1,126",75.84
351,Saint-Félix-de-Kingsey,MÉ,"1,493","1,430",126.28
352,Saint-Germain-de-Grantham,MÉ,"4,922","4,917",87.47
353,Saint-Guillaume,MÉ,"1,491","1,476",87.91
354,Saint-Lucien,MÉ,"1,801","1,647",110.99
355,Wickham,MÉ,"2,587","2,541",98.63
356,Joliette,MRC,"71,124","66,550",417.41
357,Saint-Pierre,VL,286,276,9.68
358,Joliette,V,"21,384","20,484",22.96
359,Notre-Dame-des-Prairies,V,"9,471","9,273",18.10
360,Saint-Charles-Borromée,V,"15,285","13,791",18.48
361,Crabtree,MÉ,"4,155","3,958",25.06
362,Notre-Dame-de-Lourdes,MÉ,"3,141","2,783",35.59
363,Saint-Ambroise-de-Kildare,MÉ,"4,090","3,856",67.73
364,Saint-Paul,MÉ,"6,566","5,891",49.11
365,Saint-Thomas,MÉ,"3,496","3,249",94.57
366,Sainte-Mélanie,MÉ,"3,250","2,989",76.10
367,Kamouraska,MRC,"21,307","21,073","2,241.05"
368,La Pocatière,V,"4,078","4,120",21.18
369,Saint-Pascal,V,"3,530","3,468",59.68
370,Saint-Germain,PE,294,286,28.53
371,Saint-Joseph-de-Kamouraska,PE,398,391,84.96
372,Saint-Philippe-de-Néri,PE,818,832,32.65
373,Sainte-Anne-de-la-Pocatière,PE,"1,597","1,636",54.78
374,Petit-Lac-Sainte-Anne,NO,0,0,186.42
375,Picard,NO,5,10,568.10
376,Kamouraska,MÉ,607,616,44.07
377,Mont-Carmel,MÉ,"1,160","1,127",428.26
378,Rivière-Ouelle,MÉ,995,970,57.50
379,Saint-Alexandre-de-Kamouraska,MÉ,"2,255","2,109",111.40
380,Saint-André-de-Kamouraska,MÉ,658,658,71.06
381,Saint-Bruno-de-Kamouraska,MÉ,515,541,188.44
382,Saint-Denis-De La Bouteillerie,MÉ,518,517,33.84
383,Saint-Gabriel-Lalemant,MÉ,660,716,77.92
384,Saint-Onésime-d'Ixworth,MÉ,522,560,102.76
385,Saint-Pacôme,MÉ,"1,806","1,598",29.06
386,Sainte-Hélène-de-Kamouraska,MÉ,891,918,60.46
387,L'Assomption,MRC,"128,087","124,759",255.16
388,Charlemagne,V,"6,302","5,913",2.17
389,L'Assomption,V,"23,442","22,429",98.74
390,L'Épiphanie 5,V,"8,883","8,693r",56.57
391,Repentigny,V,"86,100","84,285",61.52
392,Saint-Sulpice,PE,"3,360","3,439",36.17
393,L'Islet,MRC,"17,598","17,798","2,097.09"
394,Saint-Pamphile,V,"2,274","2,400",137.78
395,Saint-Cyrille-de-Lessard,PE,742,718,230.52
396,Sainte-Louise,PE,674,671,76.59
397,L'Islet,MÉ,"3,803","3,827",119.95
398,Saint-Adalbert,MÉ,460,510,216.16
399,Saint-Aubert,MÉ,"1,441","1,474",98.45
400,Saint-Damase-de-L'Islet,MÉ,563,552,247.64
401,Saint-Jean-Port-Joli,MÉ,"3,329","3,407",69.31
402,Saint-Marcel,MÉ,422,428,178.83
403,Saint-Omer,MÉ,294,277,122.44
404,Saint-Roch-des-Aulnaies,MÉ,955,917,49.14
405,Sainte-Félicité,MÉ,350,389,94.89
406,Sainte-Perpétue,MÉ,"1,715","1,639",291.04
407,Tourville,MÉ,576,589,164.36
408,L'Érable,MRC,"23,534","23,425","1,287.03"
409,Plessisville 5,V,"6,414","6,551r",4.92
410,Princeville,V,"6,218","6,001",195.01
411,Notre-Dame-de-Lourdes,PE,787,688,81.39
412,Plessisville 5,PE,"2,655","2,663r",141.19
413,Saint-Pierre-Baptiste,PE,560,527,81.77
414,Inverness,MÉ,910,899,176.11
415,Laurierville,MÉ,"1,313","1,346",107.91
416,Lyster,MÉ,"1,587","1,605",167.55
417,Saint-Ferdinand,MÉ,"2,007","2,076",137.16
418,Sainte-Sophie-d'Halifax,MÉ,595,612,92.13
419,Villeroy,MÉ,488,457,101.90
420,L'Île-d'Orléans,MRC,"6,817","7,082",194.58
421,Sainte-Pétronille,VL,"1,055","1,033",4.32
422,Saint-François-de-l'Île-d'Orléans,MÉ,536,527,28.96
423,Saint-Jean-de-l'Île-d'Orléans,MÉ,"1,026","1,059",43.48
424,Saint-Laurent-de-l'Île-d'Orléans,MÉ,"1,607","1,532",35.64
425,Saint-Pierre-de-l'Île-d'Orléans,MÉ,"1,743","1,993",31.64
426,Sainte-Famille-de-l'Île-d'Orléans,MÉ,850,938,50.54
427,La Côte-de-Beaupré,MRC,"30,240","28,199","4,845.19"
428,Beaupré,V,"4,117","3,752",22.97
429,Château-Richer,V,"4,425","4,126",228.84
430,Sainte-Anne-de-Beaupré,V,"2,888","2,880",62.38
431,Saint-Joachim,PE,"1,427","1,441",42.33
432,Saint-Louis-de-Gonzague-du-Cap-Tourmente,PE,0,5,0.42
433,Lac-Jacques-Cartier,NO,0,0,"4,131.62"
434,Sault-au-Cochon,NO,0,0,70.18
435,Boischatel,MÉ,"8,231","7,587",20.36
436,L'Ange-Gardien,MÉ,"3,842","3,695",53.61
437,Saint-Ferréol-les-Neiges,MÉ,"3,806","3,240",83.18
438,Saint-Tite-des-Caps,MÉ,"1,504","1,473",129.30
439,La Côte-de-Gaspé,MRC,"17,547","17,117","4,088.39"
440,Gaspé,V,"15,063","14,568","1,118.77"
441,Murdochville,V,643,651,60.84
442,Collines-du-Basque,NO,0,0,817.84
443,Rivière-Saint-Jean,NO,0,0,"1,748.14"
444,Grande-Vallée,MÉ,"1,077","1,057",144.16
445,Petite-Vallée,MÉ,157,170,39.90
446,Cloridorme,CT,607,671,158.74
447,La Haute-Côte-Nord,MRC,"10,278","10,846","11,295.82"
448,Tadoussac,VL,814,799,52.73
449,Forestville,V,"2,892","3,081",192.61
450,Lac-au-Brochet,NO,0,5,"9,360.33"
451,Colombier,MÉ,635,685,361.23
452,Les Bergeronnes,MÉ,619,661,268.77
453,Les Escoumins,MÉ,"1,794","1,891",265.89
454,Longue-Rive,MÉ,918,"1,026",308.06
455,Portneuf-sur-Mer 3,MÉ,612,641r,181.90
456,Sacré-Coeur,MÉ,"1,684","1,803",303.15
457,Essipit,IRI,310,297,1.13
458,La Haute-Gaspésie,MRC,"10,950","11,316","5,053.88"
459,Marsoui,VL,289,275,181.40
460,Mont-Saint-Pierre,VL,186,155,52.07
461,Cap-Chat,V,"2,516","2,476",181.31
462,Sainte-Anne-des-Monts,V,"6,121","6,437",263.51
463,Coulée-des-Adolphe,NO,0,0,86.20
464,Mont-Albert,NO,167,179,"3,463.19"
465,La Martre,MÉ,194,243,175.23
466,Rivière-à-Claude,MÉ,141,128,155.95
467,Saint-Maxime-du-Mont-Louis,MÉ,"1,047","1,134",232.67
468,Sainte-Madeleine-de-la-Rivière-Madeleine,MÉ,289,289,262.35
469,La Haute-Yamaska,MRC,"92,796","88,306",636.00
470,Warden,VL,362,363,5.46
471,Granby,V,"69,025","66,222",152.69
472,Waterloo,V,"4,920","4,410",12.23
473,Roxton Pond,MÉ,"4,224","3,809",97.64
474,Saint-Alphonse-de-Granby,MÉ,"3,341","3,094",50.12
475,Saint-Joachim-de-Shefford,MÉ,"1,476","1,301",126.91
476,Sainte-Cécile-de-Milton,MÉ,"2,195","2,160",72.96
477,Shefford,CT,"7,253","6,947",117.99
478,La Jacques-Cartier,MRC,"47,813","43,485","3,183.75"
479,Fossambault-sur-le-Lac,V,"2,327","1,960",11.49
480,Lac-Delage,V,771,638,1.58
481,Lac-Saint-Joseph,V,304,260,33.65
482,Sainte-Brigitte-de-Laval,V,"8,468","7,348",108.42
483,Sainte-Catherine-de-la-Jacques-Cartier,V,"8,442","7,706",120.70
484,Shannon,V,"6,432","6,031",63.54
485,Lac-Croche,NO,0,0,"1,679.99"
486,Lac-Beauport,MÉ,"8,164","7,801",61.73
487,Saint-Gabriel-de-Valcartier,MÉ,"3,223","3,382",432.62
488,Stoneham-et-Tewkesbury,CU,"9,682","8,359",670.03
489,La Matanie,MRC,"20,883","21,301","3,315.74"
490,Matane,V,"13,987","14,311",195.49
491,Saint-Adelme 3,PE,484,520r,100.58
492,Saint-Jean-de-Cherbourg 3,PE,163,165r,113.96
493,Saint-Léandre,PE,375,400,104.72
494,Rivière-Bonjour 7,NO,16,"0E,r","1,682.50"
495,Baie-des-Sables,MÉ,613,628,65.07
496,Grosses-Roches 3,MÉ,375,394r,63.59
497,Les Méchins,MÉ,995,987,441.39
498,Saint-René-de-Matane 3,MÉ,961,991r,253.89
499,Saint-Ulric,MÉ,"1,567","1,585",120.45
500,Sainte-Félicité 3,MÉ,"1,100","1,087r",90.73
501,Sainte-Paule,MÉ,247,233,83.36
502,La Matapédia,MRC,"17,592","17,925","5,354.53"
503,Saint-Noël,VL,392,398,45.80
504,Amqui,V,"5,999","6,178",121.02
505,Causapscal,V,"2,147","2,304",161.61
506,Saint-Alexandre-des-Lacs 3,PE,298,268r,89.82
507,Saint-Cléophas,PE,321,333,97.22
508,Saint-Damase 3,PE,382,356r,116.42
509,Saint-Léon-le-Grand,PE,968,953,128.26
510,Saint-Moïse,PE,542,580,109.80
511,Saint-Tharcisius 3,PE,411,421r,78.84
512,Saint-Zénon-du-Lac-Humqui,PE,370,359,113.09
513,Sainte-Irène,PE,369,327,135.09
514,Lac-Alfred,NO,0,0,77.53
515,Lac-Casault 7,NO,30,"0E,r","1,428.21"
516,Lac-Matapédia 3,NO,10,5r,71.01
517,Rivière-Patapédia-Est,NO,0,0,15.85
518,Rivière-Vaseuse,NO,0,0,275.30
519,Routhierville,NO,20,18,626.26
520,Ruisseau-des-Mineurs 4,NO,5,0r,935.95
521,Albertville,MÉ,239,226,103.13
522,Lac-au-Saumon,MÉ,"1,488","1,450",81.05
523,Saint-Vianney,MÉ,446,441,145.60
524,Sainte-Florence,MÉ,367,384,103.48
525,Sainte-Marguerite-Marie,MÉ,183,166,85.97
526,Sayabec 3,MÉ,"1,706","1,831r",130.31
527,Val-Brillant,MÉ,899,927,77.90
528,La Mitis,MRC,"18,363","18,210","2,275.56"
529,Price,VL,"1,729","1,759",2.51
530,Mont-Joli,V,"6,384","6,281",24.24
531,Métis-sur-Mer 3,V,594,572r,48.22
532,La Rédemption,PE,384,432,116.63
533,Saint-Charles-Garnier,PE,222,240,84.79
534,Saint-Donat,PE,835,876,95.80
535,Saint-Joseph-de-Lepage,PE,590,523,30.98
536,Saint-Octave-de-Métis,PE,493,511,75.16
537,Sainte-Flavie,PE,904,884,38.23
538,Sainte-Jeanne-d'Arc,PE,217,280,110.34
539,Lac-des-Eaux-Mortes,NO,47,0,923.26
540,Lac-à-la-Croix,NO,0,0,223.35
541,Grand-Métis 3,MÉ,218,213r,25.12
542,Les Hauteurs,MÉ,485,504,102.92
543,Padoue,MÉ,250,245,66.66
544,Saint-Gabriel-de-Rimouski,MÉ,"1,177","1,167",126.98
545,Sainte-Angèle-de-Mérici,MÉ,989,953,107.78
546,Sainte-Luce,MÉ,"2,845","2,801",72.59
547,La Nouvelle-Beauce,MRC,"37,988","36,785",905.33
548,Sainte-Marie,V,"13,134","13,565",107.55
549,Sainte-Hénédine,PE,"1,440","1,271",51.53
550,Sainte-Marguerite,PE,"1,175","1,078",83.05
551,Saints-Anges,PE,"1,239","1,157",68.65
552,Frampton 3,MÉ,"1,309","1,297r",151.27
553,Saint-Bernard,MÉ,"2,535","2,321",90.10
554,Saint-Elzéar,MÉ,"2,623","2,400",87.07
555,Saint-Isidore,MÉ,"3,286","2,880",102.61
556,Saint-Lambert-de-Lauzon,MÉ,"6,817","6,647",106.76
557,Scott,MÉ,"2,566","2,352",31.29
558,Vallée-Jonction 5,MÉ,"1,864","1,875r",25.45
559,La Rivière-du-Nord,MRC,"140,394","128,170",447.88
560,Prévost,V,"13,692","13,002",34.29
561,Saint-Colomban,V,"17,740","16,019",92.71
562,Saint-Jérôme,V,"80,213","74,346",90.18
563,Saint-Hippolyte,MÉ,"10,669","9,113",119.50
564,Sainte-Sophie,MÉ,"18,080","15,690",111.20
565,La Vallée-de-l'Or,MRC,"43,347","43,226","24,094.84"
566,Malartic,V,"3,355","3,377",147.45
567,Senneterre,V,"2,782","2,868","14,718.51"
568,Val-d'Or,V,"32,752","32,491","3,536.84"
569,Kitcisakik,S-É,257,274,1.51
570,Senneterre,PE,"1,202","1,192",567.05
571,Lac-Granet,NO,0,0,217.77
572,Lac-Metei,NO,0,0,72.12
573,Matchi-Manitou,NO,0,0,164.77
574,Réservoir-Dozois,NO,0,0,"3,832.68"
575,Belcourt,MÉ,219,225,409.74
576,Rivière-Héva,MÉ,"1,495","1,419",423.27
577,Lac Simon,IRI,"1,285","1,380",3.14
578,La Vallée-de-la-Gatineau 2,MRC,"20,547","20,182","12,362.49"
579,Gracefield,V,"2,376","2,462",380.94
580,Maniwaki 5,V,"3,757","3,843r",5.67
581,Cascades-Malignes,NO,0,0,480.88
582,Dépôt-Échouani,NO,0,0,308.12
583,Lac-Lenôtre,NO,0,0,"1,934.31"
584,Lac-Moselle,NO,0,0,"1,144.81"
585,Lac-Pythonga,NO,0,0,"5,061.54"
586,Blue Sea,MÉ,696,639,72.97
587,Bois-Franc,MÉ,411,421,71.56
588,Bouchette,MÉ,695,731,122.09
589,Cayamant,MÉ,895,821,382.49
590,Denholm,MÉ,546,505,177.33
591,Déléage,MÉ,"1,916","1,852",248.26
592,Egan-Sud,MÉ,508,504,49.82
593,Grand-Remous,MÉ,"1,159","1,161",351.63
594,Kazabazua,MÉ,"1,037",945,172.91
595,Lac-Sainte-Marie,MÉ,677,566,205.71
596,Messines,MÉ,"1,655","1,609",110.11
597,Montcerf-Lytton,MÉ,653,636,354.64
598,Sainte-Thérèse-de-la-Gatineau,MÉ,588,520,60.68
599,Kitigan Zibi 5,IRI,"1,204","1,231r",195.06
600,Lac-Rapide 6,IRI,..,..,0.36
601,Aumond,CT,754,754,212.82
602,Low,CT,"1,020",982,257.78
603,La Vallée-du-Richelieu,MRC,"131,803","124,420",587.84
604,Beloeil,V,"24,104","22,458",24.38
605,Carignan,V,"11,740","9,462",62.07
606,Chambly,V,"31,444","29,120",25.08
607,Mont-Saint-Hilaire,V,"18,859","18,585",44.08
608,Otterburn Park,V,"8,479","8,421",5.37
609,Saint-Basile-le-Grand,V,"17,053","17,059",35.84
610,McMasterville,MÉ,"5,936","5,698",3.12
611,Saint-Antoine-sur-Richelieu,MÉ,"1,738","1,694",65.67
612,Saint-Charles-sur-Richelieu,MÉ,"1,735","1,717",64.91
613,Saint-Denis-sur-Richelieu,MÉ,"2,339","2,308",84.64
614,Saint-Jean-Baptiste,MÉ,"3,179","3,107",72.36
615,Saint-Marc-sur-Richelieu,MÉ,"2,245","2,172",60.92
616,Saint-Mathieu-de-Beloeil,MÉ,"2,952","2,619",39.39
617,Lac-Saint-Jean-Est,MRC,"52,475","52,741","2,767.51"
618,Hébertville-Station,VL,"1,229","1,311",31.50
619,Alma 5,V,"30,331","30,771r",194.92
620,Desbiens,V,995,"1,028",10.39
621,Métabetchouan--Lac-à-la-Croix,V,"4,121","3,985",187.49
622,L'Ascension-de-Notre-Seigneur,PE,"2,079","1,987",130.84
623,Belle-Rivière 3,NO,10,0r,608.47
624,Lac-Achouakan,NO,0,0,225.49
625,Lac-Moncouche,NO,0,0,262.78
626,Mont-Apica,NO,0,0,13.02
627,Hébertville 3,MÉ,"2,500","2,542r",260.74
628,Labrecque,MÉ,"1,328","1,321",152.67
629,Lamarche,MÉ,476,514,81.45
630,Saint-Bruno,MÉ,"2,902","2,801",77.86
631,Saint-Gédéon,MÉ,"2,177","2,085",63.38
632,Saint-Henri-de-Taillon 5,MÉ,803,826r,61.74
633,Saint-Ludger-de-Milot,MÉ,637,651,107.46
634,Saint-Nazaire,MÉ,"2,029","2,073",144.76
635,Sainte-Monique,MÉ,858,846,152.53
636,Le Domaine-du-Roy,MRC,"31,095","31,285","17,476.45"
637,Saint-André-du-Lac-Saint-Jean,VL,453,467,145.43
638,Roberval,V,"9,840","10,046",151.36
639,Saint-Félicien,V,"10,089","10,238",361.27
640,La Doré,PE,"1,359","1,365",288.55
641,Lac-Ashuapmushuan,NO,140,36,"14,684.28"
642,Chambord,MÉ,"1,748","1,765",120.85
643,Lac-Bouchette,MÉ,"1,183","1,196",904.26
644,Saint-François-de-Sales,MÉ,643,616,197.20
645,Saint-Prime,MÉ,"2,760","2,753",147.16
646,Sainte-Hedwidge,MÉ,870,846,461.67
647,Mashteuiatsh,IRI,"2,010","1,957",14.43
648,Le Granit,MRC,"21,948","21,462","2,731.55"
649,Lac-Mégantic,V,"5,747","5,654",21.98
650,Saint-Augustin-de-Woburn,PE,667,692,281.07
651,Audet,MÉ,708,734,134.95
652,Courcelles,MÉ,814,823,90.34
653,Frontenac,MÉ,"1,811","1,734",223.60
654,Lac-Drolet,MÉ,"1,067","1,021",124.30
655,Lambton,MÉ,"1,630","1,617",108.45
656,Milan,MÉ,318,299,129.44
657,Nantes,MÉ,"1,388","1,377",119.16
658,Notre-Dame-des-Bois,MÉ,"1,028",938,192.51
659,Piopolis,MÉ,398,358,103.38
660,Saint-Ludger,MÉ,"1,074","1,071",127.58
661,Saint-Robert-Bellarmin,MÉ,529,575,236.33
662,Saint-Romain,MÉ,711,691,112.12
663,Saint-Sébastien,MÉ,674,657,91.95
664,Sainte-Cécile-de-Whitton,MÉ,853,863,146.46
665,Stornoway,MÉ,535,530,180.15
666,Val-Racine,MÉ,183,178,116.06
667,Marston,CT,777,705,71.83
668,Stratford,CT,"1,036",945,119.86
669,Le Haut-Richelieu,MRC,"121,277","117,443",934.85
670,Saint-Jean-sur-Richelieu,V,"97,873","95,114",226.93
671,Sainte-Anne-de-Sabrevois,PE,"2,143","2,039",44.65
672,Henryville,MÉ,"1,497","1,406",64.82
673,Lacolle,MÉ,"2,708","2,596",49.41
674,Mont-Saint-Grégoire,MÉ,"3,136","3,077",79.83
675,Noyan,MÉ,"1,418","1,392",44.28
676,Saint-Alexandre,MÉ,"2,678","2,469",76.27
677,Saint-Blaise-sur-Richelieu,MÉ,"2,092","2,066",69.54
678,Saint-Georges-de-Clarenceville,MÉ,"1,154","1,103",63.06
679,Saint-Paul-de-l'Île-aux-Noix,MÉ,"2,141","1,980",29.85
680,Saint-Sébastien,MÉ,692,718,63.29
681,Saint-Valentin,MÉ,418,447,39.27
682,Sainte-Brigide-d'Iberville,MÉ,"1,428","1,402",70.52
683,Venise-en-Québec,MÉ,"1,899","1,634",13.13
684,Le Haut-Saint-François,MRC,"22,926","22,335","2,269.68"
685,Cookshire-Eaton,V,"5,344","5,393",296.25
686,East Angus,V,"3,840","3,659",7.84
687,Scotstown,V,459,472,11.44
688,Ascot Corner,MÉ,"3,368","3,158",81.64
689,Bury,MÉ,"1,252","1,174",234.13
690,Chartierville,MÉ,319,276,141.94
691,Dudswell,MÉ,"1,755","1,727",218.01
692,La Patrie,MÉ,805,768,204.61
693,Newport,MÉ,698,733,270.63
694,Saint-Isidore-de-Clifton,MÉ,673,695,176.94
695,Weedon,MÉ,"2,667","2,670",215.95
696,Hampden,CT,193,176,111.68
697,Lingwick,CT,456,428,243.01
698,Westbury,CT,"1,097","1,006",55.61
699,Le Haut-Saint-Laurent 2,MRC,"22,213","22,454","1,168.08"
700,Huntingdon,V,"2,556","2,444",2.77
701,Très-Saint-Sacrement,PE,"1,189","1,186",97.16
702,Elgin,MÉ,389,394,69.35
703,Franklin,MÉ,"1,635","1,636",112.33
704,Hinchinbrooke,MÉ,"2,187","2,103",148.36
705,Howick,MÉ,850,778,0.96
706,Ormstown,MÉ,"3,917","3,595",142.24
707,Saint-Anicet,MÉ,"2,754","2,626",135.03
708,Saint-Chrysostome,MÉ,"2,582","2,645",100.20
709,Sainte-Barbe,MÉ,"1,609","1,324",40.14
710,Akwesasne 3 6,IRI,..,"2,378r",23.79
711,Dundee,CT,386,387,68.41
712,Godmanchester,CT,"1,403","1,394",138.66
713,Havelock,CT,756,740,88.70
714,Le Rocher-Percé,MRC,"17,219","17,282","3,074.80"
715,Chandler,V,"7,490","7,546",418.45
716,Grande-Rivière,V,"3,384","3,408",87.92
717,Percé,V,"3,095","3,103",432.81
718,Mont-Alexandre,NO,0,0,"1,800.87"
719,Port-Daniel--Gascons,MÉ,"2,271","2,210",300.29
720,Sainte-Thérèse-de-Gaspé,MÉ,979,"1,015",34.45
721,Le Val-Saint-François,MRC,"31,551","30,686","1,401.56"
722,Kingsbury,VL,142,138,6.11
723,Lawrenceville,VL,618,635,16.73
724,Richmond,V,"3,259","3,232",6.98
725,Valcourt,V,"2,139","2,165",5.41
726,Windsor,V,"5,294","5,419",14.53
727,Bonsecours,MÉ,650,608,60.36
728,Maricourt,MÉ,456,416,61.10
729,Racine,MÉ,"1,340","1,323",105.63
730,Saint-Claude,MÉ,"1,141","1,185",118.85
731,Saint-Denis-de-Brompton,MÉ,"4,594","4,054",70.29
732,Saint-François-Xavier-de-Brompton,MÉ,"2,469","2,273",97.71
733,Sainte-Anne-de-la-Rochelle,MÉ,625,598,61.86
734,Stoke,MÉ,"3,014","2,955",255.12
735,Ulverton,MÉ,433,418,51.27
736,Val-Joli,MÉ,"1,671","1,619",91.69
737,Cleveland,CT,"1,581","1,541",123.59
738,Melbourne,CT,"1,096","1,063",173.93
739,Valcourt,CT,"1,029","1,044",80.39
740,Les Appalaches,MRC,"43,412","42,346","1,911.83"
741,Disraeli,V,"2,360","2,336",6.80
742,Thetford Mines,V,"26,072","25,403",225.97
743,Disraeli,PE,"1,163","1,123",92.53
744,Sacré-Coeur-de-Jésus,PE,536,521,104.73
745,Saint-Jacques-le-Majeur-de-Wolfestown,PE,186,188,58.71
746,Sainte-Praxède,PE,351,327,136.18
747,Adstock,MÉ,"2,903","2,806",290.03
748,Beaulac-Garthby,MÉ,931,905,75.96
749,East Broughton,MÉ,"2,248","2,199",8.86
750,Irlande,MÉ,897,884,109.85
751,Kinnear's Mills,MÉ,397,350,93.66
752,Saint-Adrien-d'Irlande,MÉ,395,399,53.18
753,Saint-Fortunat,MÉ,255,263,76.09
754,Saint-Jacques-de-Leeds,MÉ,711,685,80.56
755,Saint-Jean-de-Brébeuf,MÉ,351,372,79.15
756,Saint-Joseph-de-Coleraine,MÉ,"1,820","1,762",126.76
757,Saint-Julien,MÉ,378,376,81.70
758,Saint-Pierre-de-Broughton,MÉ,889,898,150.56
759,Sainte-Clotilde-de-Beauce,MÉ,569,549,60.55
760,Les Basques,MRC,"8,873","8,694","1,120.03"
761,Trois-Pistoles,V,"3,115","3,246",7.63
762,Saint-Éloi,PE,310,286,65.77
763,Sainte-Françoise,PE,383,386,88.83
764,Lac-Boisbouscache,NO,0,0,98.15
765,Notre-Dame-des-Neiges,MÉ,"1,194","1,085",94.44
766,Saint-Clément,MÉ,479,460,86.72
767,Saint-Guy,MÉ,76,54,139.54
768,Saint-Jean-de-Dieu,MÉ,"1,651","1,596",152.04
769,Saint-Mathieu-de-Rioux,MÉ,691,639,107.27
770,Saint-Médard,MÉ,216,209,75.28
771,Saint-Simon-de-Rimouski,MÉ,455,426,74.84
772,Sainte-Rita,MÉ,303,307,129.52
773,Les Collines-de-l'Outaouais,MRC,"54,498","49,094","2,025.38"
774,Cantley,MÉ,"11,449","10,699",126.12
775,Chelsea,MÉ,"8,000","6,909",112.65
776,L'Ange-Gardien,MÉ,"6,102","5,464",216.05
777,La Pêche,MÉ,"8,636","7,863",577.18
778,Notre-Dame-de-la-Salette,MÉ,841,727,113.33
779,Pontiac,MÉ,"6,142","5,850",445.27
780,Val-des-Monts,MÉ,"13,328","11,582",434.77
781,Les Etchemins,MRC,"16,927","16,536","1,809.61"
782,Saint-Camille-de-Lellis,PE,737,752,251.93
783,Saint-Cyprien,PE,474,490,93.48
784,Sainte-Sabine,PE,343,358,66.89
785,Lac-Etchemin,MÉ,"4,028","3,822",157.22
786,Saint-Benjamin,MÉ,"1,090",987,111.53
787,Saint-Louis-de-Gonzague,MÉ,390,374,118.01
788,Saint-Luc-de-Bellechasse,MÉ,449,438,161.99
789,Saint-Magloire,MÉ,712,676,208.61
790,Saint-Prosper,MÉ,"3,596","3,590",133.74
791,Saint-Zacharie,MÉ,"1,684","1,653",186.56
792,Sainte-Aurélie,MÉ,856,847,78.25
793,Sainte-Justine,MÉ,"1,828","1,820",126.28
794,Sainte-Rose-de-Watford,MÉ,740,729,115.13
795,Les Jardins-de-Napierville,MRC,"30,339","27,870",802.52
796,Hemmingford,VL,829,755,1.07
797,Saint-Rémi,V,"8,957","8,061",78.18
798,Napierville,MÉ,"4,020","3,899",4.50
799,Saint-Bernard-de-Lacolle,MÉ,"1,542","1,549",113.36
800,Saint-Cyprien-de-Napierville,MÉ,"1,735","1,927",97.75
801,Saint-Jacques-le-Mineur,MÉ,"1,766","1,690",67.18
802,Saint-Michel,MÉ,"3,521","3,186",59.82
803,Saint-Patrice-de-Sherrington,MÉ,"1,963","1,960",92.55
804,Saint-Édouard,MÉ,"1,365","1,321",52.68
805,Sainte-Clotilde,MÉ,"2,646","1,622",78.21
806,Hemmingford,CT,"1,995","1,900",157.22
807,Les Laurentides 2,MRC,"50,777","45,902","2,457.53"
808,Val-David,VL,"5,558","4,917",42.66
809,Barkmere,V,81,58,17.72
810,Mont-Tremblant,V,"10,992","9,646",233.75
811,Sainte-Agathe-des-Monts,V,"11,211","10,223",129.10
812,Brébeuf,PE,"1,009",976,35.78
813,Huberdeau,MÉ,863,868,56.72
814,Ivry-sur-le-Lac,MÉ,391,387,29.30
815,La Conception,MÉ,"1,527","1,337",127.37
816,La Minerve,MÉ,"1,421","1,205",274.92
817,Labelle,MÉ,"2,765","2,477",196.69
818,Lac-Supérieur,MÉ,"1,972","1,888",365.98
819,Lac-Tremblant-Nord,MÉ,60,42,20.62
820,Lantier,MÉ,891,834,48.19
821,Montcalm,MÉ,632,628,117.71
822,Saint-Faustin--Lac-Carré,MÉ,"3,780","3,499",120.21
823,Sainte-Lucie-des-Laurentides,MÉ,"1,445","1,256",108.98
824,Val-Morin,MÉ,"3,123","2,870",39.20
825,Val-des-Lacs,MÉ,750,744,126.70
826,Doncaster 6,IRI,..,..,74.62
827,Amherst,CT,"1,728","1,484",227.86
828,Arundel,CT,578,563,63.45
829,Les Maskoutains,MRC,"89,432","87,099","1,302.15"
830,Sainte-Madeleine,VL,"2,268","2,233",5.36
831,Saint-Hyacinthe,V,"57,239","55,648",188.85
832,Saint-Pie,V,"5,847","5,607",107.42
833,Sainte-Marie-Madeleine,PE,"2,876","2,892",50.04
834,La Présentation,MÉ,"2,638","2,540",94.39
835,Saint-Barnabé-Sud,MÉ,962,861,57.20
836,Saint-Bernard-de-Michaudville,MÉ,616,586,66.05
837,Saint-Damase,MÉ,"2,447","2,473",79.65
838,Saint-Dominique,MÉ,"2,741","2,553",70.53
839,Saint-Hugues,MÉ,"1,340","1,327",84.64
840,Saint-Jude,MÉ,"1,326","1,214",77.33
841,Saint-Liboire,MÉ,"3,036","3,062",73.82
842,Saint-Louis,MÉ,740,712,47.21
843,Saint-Marcel-de-Richelieu,MÉ,507,497,51.27
844,Saint-Simon,MÉ,"1,386","1,413",69.05
845,Saint-Valérien-de-Milton,MÉ,"1,767","1,793",106.92
846,Sainte-Hélène-de-Bagot,MÉ,"1,696","1,688",72.41
847,Les Moulins,MRC,"171,127","158,267",260.65
848,Mascouche,V,"51,183","46,692",106.89
849,Terrebonne,V,"119,944","111,575",153.76
850,Les Pays-d'en-Haut,MRC,"46,906","41,877",673.98
851,Estérel,V,262,196,12.62
852,Saint-Sauveur,V,"11,580","10,231",47.62
853,Sainte-Adèle,V,"14,010","12,919",119.67
854,Sainte-Marguerite-du-Lac-Masson,V,"3,367","2,763",91.56
855,Sainte-Anne-des-Lacs,PE,"3,862","3,611",24.65
856,Lac-des-Seize-Îles 5,MÉ,175,192r,8.88
857,Morin-Heights,MÉ,"4,678","4,145",55.96
858,Piedmont,MÉ,"3,476","2,950",24.36
859,Saint-Adolphe-d'Howard,MÉ,"3,824","3,509",135.80
860,Wentworth-Nord 5,MÉ,"1,672","1,361r",152.87
861,Les Sources,MRC,"14,623","14,286",785.42
862,Danville,V,"3,888","3,826",151.73
863,Val-des-Sources,V,"7,088","6,786",30.25
864,Ham-Sud,MÉ,214,235,151.21
865,Saint-Adrien,MÉ,522,522,98.52
866,Saint-Georges-de-Windsor,MÉ,958,958,127.46
867,Wotton,MÉ,"1,402","1,430",143.15
868,Saint-Camille,CT,551,529,83.10
869,Lotbinière,MRC,"34,586","31,741","1,662.26"
870,Laurier-Station,VL,"2,570","2,573",12.16
871,Notre-Dame-du-Sacré-Coeur-d'Issoudun,PE,867,861,60.32
872,Saint-Narcisse-de-Beaurivage,PE,"1,152","1,106",62.07
873,Saint-Édouard-de-Lotbinière,PE,"1,240","1,194",98.43
874,Dosquet,MÉ,935,944,65.07
875,Leclercville,MÉ,491,473,136.61
876,Lotbinière,MÉ,855,812,79.91
877,Saint-Agapit,MÉ,"4,526","4,280",65.40
878,Saint-Antoine-de-Tilly,MÉ,"1,682","1,598",59.95
879,Saint-Apollinaire,MÉ,"7,968","6,110",96.83
880,Saint-Flavien,MÉ,"1,619","1,618",66.16
881,Saint-Gilles,MÉ,"2,910","2,525",177.43
882,Saint-Janvier-de-Joly,MÉ,"1,079",984,109.88
883,Saint-Patrice-de-Beaurivage,MÉ,"1,109","1,036",85.73
884,Saint-Sylvestre,MÉ,"1,019","1,019",147.15
885,Sainte-Agathe-de-Lotbinière,MÉ,"1,049","1,168",166.99
886,Sainte-Croix,MÉ,"2,529","2,516",69.63
887,Val-Alain,MÉ,986,924,102.54
888,Manicouagan,MRC,"30,158","31,027","34,655.04"
889,Baie-Trinité,VL,438,407,417.48
890,Chute-aux-Outardes,VL,"1,391","1,563",7.51
891,Godbout,VL,272,265,159.18
892,Pointe-Lebel,VL,"1,817","1,918",85.54
893,Pointe-aux-Outardes,VL,"1,434","1,332",75.19
894,Baie-Comeau,V,"20,687","21,536",334.83
895,Ragueneau,PE,"1,314","1,343",179.83
896,Rivière-aux-Outardes,NO,92,94,"32,713.75"
897,Franquelin,MÉ,285,313,436.55
898,Pessamit,IRI,"2,428","2,256",245.19
899,Marguerite-D'Youville,MRC,"80,313","77,550",347.10
900,Contrecoeur,V,"9,480","7,887",62.20
901,Saint-Amable,V,"13,322","12,167",36.77
902,Sainte-Julie,V,"30,045","29,881",48.49
903,Varennes,V,"21,198","21,257",94.80
904,Calixa-Lavallée,MÉ,509,523,32.20
905,Verchères,MÉ,"5,759","5,835",72.63
906,Maria-Chapdelaine,MRC,"24,149","24,793","35,501.49"
907,Sainte-Jeanne-d'Arc,VL,"1,101","1,050",267.28
908,Dolbeau-Mistassini 3,V,"13,718","14,212r",293.43
909,Normandin,V,"2,991","3,033",211.79
910,Saint-Augustin,PE,334,351,104.25
911,Passes-Dangereuses 3,NO,210,184r,"15,579.11"
912,Rivière-Mistassini 3,NO,27,49r,"17,629.74"
913,Albanel,MÉ,"2,181","2,262",197.45
914,Girardville,MÉ,"1,018",988,124.11
915,Notre-Dame-de-Lorette,MÉ,159,189,325.77
916,Péribonka,MÉ,489,515,110.30
917,Saint-Edmond-les-Plaines,MÉ,355,381,84.39
918,Saint-Eugène-d'Argentenay,MÉ,487,488,87.05
919,Saint-Stanislas,MÉ,376,373,153.58
920,Saint-Thomas-Didyme,MÉ,703,676,333.25
921,Maskinongé,MRC,"37,292","36,316","2,367.08"
922,Louiseville,V,"7,340","7,152",62.59
923,Saint-Alexis-des-Monts,PE,"2,999","2,981","1,035.74"
924,Saint-Barnabé,PE,"1,186","1,196",58.94
925,Saint-Léon-le-Grand,PE,863,928,75.97
926,Saint-Sévère,PE,337,302,31.85
927,Saint-Étienne-des-Grès,PE,"4,539","4,541",104.54
928,Charette,MÉ,"1,034",953,41.90
929,Maskinongé,MÉ,"2,323","2,319",73.31
930,Saint-Boniface,MÉ,"5,156","4,832",107.42
931,Saint-Justin,MÉ,961,973,78.96
932,Saint-Mathieu-du-Parc,MÉ,"1,482","1,338",218.85
933,Saint-Paulin,MÉ,"1,541","1,497",95.41
934,Saint-Édouard-de-Maskinongé,MÉ,798,712,52.82
935,Saint-Élie-de-Caxton,MÉ,"1,934","1,836",116.84
936,Sainte-Angèle-de-Prémont,MÉ,631,596,37.73
937,Sainte-Ursule,MÉ,"1,355","1,330",67.83
938,Yamachiche,MÉ,"2,813","2,830",106.39
939,Matawinie,MRC,"55,500","50,435","9,423.15"
940,Saint-Damien,PE,"2,393","2,094",252.28
941,Baie-Atibenne,NO,0,0,527.58
942,Baie-Obaoca,NO,0,0,"1,261.66"
943,Baie-de-la-Bouteille,NO,10,5,"1,938.18"
944,Lac-Cabasta,NO,0,0,4.70
945,Lac-Devenyns,NO,5,0,100.71
946,Lac-Legendre,NO,0,0,693.58
947,Lac-Matawin,NO,10,10,759.12
948,Lac-Minaki,NO,0,0,80.59
949,Lac-Santé,NO,0,0,12.21
950,Lac-des-Dix-Milles,NO,0,0,224.78
951,Lac-du-Taureau,NO,0,0,5.86
952,Saint-Guillaume-Nord,NO,102,87,752.78
953,Chertsey,MÉ,"5,295","4,696",286.05
954,Entrelacs,MÉ,"1,054",928,48.71
955,Notre-Dame-de-la-Merci,MÉ,"1,097",905,248.58
956,Rawdon,MÉ,"11,719","11,057",185.38
957,Saint-Alphonse-Rodriguez,MÉ,"3,339","3,162",97.54
958,Saint-Côme,MÉ,"2,583","2,193",164.89
959,Saint-Donat,MÉ,"4,561","3,888",350.17
960,Saint-Félix-de-Valois,MÉ,"6,975","6,305",88.40
961,Saint-Jean-de-Matha,MÉ,"4,838","4,450",109.49
962,Saint-Michel-des-Saints,MÉ,"2,496","2,359",493.92
963,Saint-Zénon,MÉ,"1,317","1,120",460.41
964,Sainte-Béatrix,MÉ,"2,170","1,955",82.96
965,Sainte-Marcelline-de-Kildare,MÉ,"1,795","1,594",34.52
966,Sainte-Émélie-de-l'Énergie,MÉ,"1,741","1,567",150.08
967,Communauté Atikamekw de Manawan,IRI,"2,000","2,060",8.03
968,Memphrémagog,MRC,"54,797","50,415","1,317.42"
969,Ayer's Cliff 3,VL,"1,180","1,073r",5.53
970,North Hatley,VL,675,632,3.35
971,Stukely-Sud,VL,"1,142","1,058",63.19
972,Magog,V,"28,312","26,669",144.26
973,Stanstead,V,"2,824","2,788",21.95
974,Austin,MÉ,"1,748","1,485",73.58
975,Bolton-Est,MÉ,"1,108",940,79.39
976,Eastman,MÉ,"2,279","1,843",73.57
977,Hatley 3,MÉ,771,685r,60.43
978,Ogden,MÉ,761,741,74.68
979,Saint-Benoît-du-Lac,MÉ,43,32,2.18
980,Saint-Étienne-de-Bolton,MÉ,816,674,47.27
981,Sainte-Catherine-de-Hatley,MÉ,"2,741","2,479",86.34
982,Hatley,CT,"2,230","2,106",71.60
983,Orford,CT,"5,007","4,337",136.14
984,Potton,CT,"2,012","1,852",260.77
985,Stanstead,CT,"1,148","1,036",113.20
986,Montcalm,MRC,"58,680","52,596",709.58
987,Saint-Lin--Laurentides,V,"24,030","20,786",118.29
988,Saint-Alexis,MÉ,"1,370","1,308",43.01
989,Saint-Calixte,MÉ,"6,792","6,046",142.63
990,Saint-Esprit,MÉ,"2,011","1,967",54.19
991,Saint-Jacques,MÉ,"4,302","3,971",67.17
992,Saint-Liguori,MÉ,"2,066","1,943",50.88
993,Saint-Roch-Ouest,MÉ,262,266,20.14
994,Saint-Roch-de-l'Achigan,MÉ,"5,453","5,147",80.06
995,Sainte-Julienne,MÉ,"11,173","9,953",99.42
996,Sainte-Marie-Salomé,MÉ,"1,221","1,209",33.79
997,Montmagny,MRC,"22,481","22,698","1,695.09"
998,Montmagny,V,"10,999","11,255",124.44
999,Saint-Antoine-de-l'Isle-aux-Grues,PE,122,144,23.97
1000,Saint-Fabien-de-Panet,PE,945,954,187.01
1001,Saint-Pierre-de-la-Rivière-du-Sud,PE,840,907,91.05
1002,Sainte-Apolline-de-Patton,PE,505,542,256.51
1003,Berthier-sur-Mer,MÉ,"1,744","1,555",26.85
1004,Cap-Saint-Ignace,MÉ,"3,099","3,089",204.32
1005,Lac-Frontière,MÉ,175,184,49.96
1006,Notre-Dame-du-Rosaire,MÉ,371,392,164.63
1007,Saint-François-de-la-Rivière-du-Sud,MÉ,"1,580","1,623",96.35
1008,Saint-Just-de-Bretenières,MÉ,639,668,132.60
1009,Saint-Paul-de-Montminy,MÉ,849,785,162.77
1010,Sainte-Euphémie-sur-Rivière-du-Sud,MÉ,338,320,92.44
1011,Sainte-Lucie-de-Beauregard,MÉ,275,280,82.17
1012,Mékinac,MRC,"12,762","12,358","5,186.22"
1013,Grandes-Piles,VL,493,415,116.97
1014,Saint-Tite,V,"3,672","3,673",91.10
1015,Hérouxville,PE,"1,367","1,278",54.72
1016,Lac-aux-Sables,PE,"1,380","1,292",269.70
1017,Saint-Adelphe,PE,922,922,137.08
1018,Saint-Roch-de-Mékinac,PE,304,302,144.52
1019,Saint-Séverin,PE,812,846,61.65
1020,Lac-Boulé,NO,0,0,22.95
1021,Lac-Masketsi,NO,0,0,211.51
1022,Lac-Normand,NO,29,5,"2,016.35"
1023,Rivière-de-la-Savane,NO,41,0,"1,087.02"
1024,Notre-Dame-de-Montauban,MÉ,815,745,162.40
1025,Sainte-Thècle,MÉ,"2,415","2,484",212.48
1026,Trois-Rives,MÉ,512,396,597.76
1027,Nicolet-Yamaska,MRC,"23,848","23,159","1,004.98"
1028,Saint-Célestin,VL,892,831,1.41
1029,Nicolet,V,"8,620","8,169",96.11
1030,Saint-Elphège,PE,251,270,40.53
1031,Saint-Zéphirin-de-Courval,PE,707,700,71.94
1032,Sainte-Perpétue,PE,916,959,71.51
1033,Aston-Jonction,MÉ,441,424,26.20
1034,Baie-du-Febvre,MÉ,961,988,96.78
1035,Grand-Saint-Esprit,MÉ,488,476,27.22
1036,La Visitation-de-Yamaska,MÉ,295,327,42.65
1037,Pierreville 5,MÉ,"2,104","2,143r",77.71
1038,Saint-Célestin,MÉ,594,575,76.99
1039,Saint-François-du-Lac,MÉ,"1,898","1,965",63.80
1040,Saint-Léonard-d'Aston,MÉ,"2,530","2,331",82.55
1041,Saint-Wenceslas,MÉ,"1,167","1,157",79.57
1042,Sainte-Eulalie,MÉ,984,894,86.30
1043,Sainte-Monique,MÉ,519,501,58.10
1044,Odanak 5,IRI,481,449r,5.61
1045,Papineau,MRC,"24,308","22,832","2,903.45"
1046,Thurso,V,"3,084","2,818",6.65
1047,Boileau,MÉ,405,335,134.08
1048,Bowman,MÉ,667,658,126.40
1049,Chénéville,MÉ,848,764,65.83
1050,Duhamel,MÉ,569,430,427.32
1051,Fassett,MÉ,453,431,12.52
1052,Lac-Simon,MÉ,"1,057",944,95.65
1053,Lac-des-Plages,MÉ,548,431,150.95
1054,Mayo,MÉ,704,601,72.51
1055,Montebello,MÉ,934,983,8.60
1056,Montpellier,MÉ,"1,112",985,246.12
1057,Mulgrave-et-Derry,MÉ,461,369,289.52
1058,Namur,MÉ,633,572,56.17
1059,Notre-Dame-de-Bonsecours,MÉ,285,301,258.36
1060,Notre-Dame-de-la-Paix,MÉ,675,648,105.96
1061,Papineauville,MÉ,"2,153","2,101",61.13
1062,Plaisance,MÉ,"1,129","1,088",36.21
1063,Ripon,MÉ,"1,735","1,542",129.93
1064,Saint-André-Avellin,MÉ,"3,562","3,749",137.34
1065,Saint-Sixte,MÉ,490,469,84.34
1066,Saint-Émile-de-Suffolk,MÉ,512,477,55.68
1067,Val-des-Bois,MÉ,920,865,222.67
1068,Lochaber,CT,446,415,62.14
1069,Lochaber-Partie-Ouest,CT,926,856,57.39
1070,Pierre-De Saurel,MRC,"51,843","51,025",595.13
1071,Massueville,VL,547,529,1.55
1072,Saint-Joseph-de-Sorel,V,"1,581","1,642",1.36
1073,Saint-Ours,V,"1,723","1,669",59.23
1074,Sorel-Tracy,V,"35,165","34,755",57.28
1075,Saint-Gérard-Majella,PE,240,242,38.32
1076,Saint-Aimé,MÉ,405,461,60.53
1077,Saint-David,MÉ,872,817,92.97
1078,Saint-Robert,MÉ,"1,813","1,803",64.97
1079,Saint-Roch-de-Richelieu,MÉ,"2,573","2,188",34.44
1080,Sainte-Anne-de-Sorel,MÉ,"2,731","2,771",36.41
1081,Sainte-Victoire-de-Sorel,MÉ,"2,457","2,461",75.26
1082,Yamaska,MÉ,"1,736","1,687",72.82
1083,Pontiac,MRC,"14,764","14,251","12,824.36"
1084,Fort-Coulonge,VL,"1,312","1,433",2.96
1085,Portage-du-Fort,VL,232,234,4.22
1086,Lac-Nilgaut,NO,5,5,"8,966.53"
1087,Alleyn-et-Cawood,MÉ,229,172,308.91
1088,Bristol,MÉ,"1,199","1,036",206.19
1089,Bryson,MÉ,646,697,3.58
1090,Campbell's Bay,MÉ,705,744,3.42
1091,Clarendon,MÉ,"1,392","1,256",330.46
1092,L'Isle-aux-Allumettes,MÉ,"1,382","1,334",185.94
1093,L'Île-du-Grand-Calumet,MÉ,648,626,130.55
1094,Litchfield,MÉ,500,459,198.57
1095,Mansfield-et-Pontefract,MÉ,"2,250","2,285",466.61
1096,Otter Lake,MÉ,"1,041",932,454.70
1097,Rapides-des-Joachims,MÉ,141,156,238.90
1098,Shawville,MÉ,"1,668","1,587",5.38
1099,Sheenboro 3,MÉ,149,130r,565.43
1100,Thorne,MÉ,528,448,173.09
1101,Waltham,MÉ,387,378,360.19
1102,Chichester 3,CT,350,348r,218.74
1103,Portneuf,MRC,"55,523","53,008","3,887.88"
1104,Cap-Santé 5,V,"3,594","3,410r",54.49
1105,Donnacona,V,"7,436","7,200",20.20
1106,Lac-Sergent,V,541,497,3.72
1107,Neuville,V,"4,475","4,392",71.92
1108,Pont-Rouge,V,"10,121","9,240",121.12
1109,Portneuf,V,"3,329","3,187",109.10
1110,Saint-Basile 5,V,"2,709","2,621r",98.84
1111,Saint-Marc-des-Carrières,V,"2,901","2,911",17.29
1112,Saint-Raymond 3,V,"11,108","10,358r",666.20
1113,Saint-Gilbert,PE,283,296,37.44
1114,Saint-Thuribe,PE,298,286,51.00
1115,Lac-Blanc 3,NO,0,0r,549.55
1116,Lac-Lapeyrère,NO,0,0,376.66
1117,Linton,NO,10,0,429.62
1118,Deschambault-Grondines,MÉ,"2,235","2,220",124.02
1119,Rivière-à-Pierre,MÉ,625,584,515.62
1120,Saint-Alban,MÉ,"1,196","1,198",148.47
1121,Saint-Casimir,MÉ,"1,449","1,430",66.50
1122,Saint-Léonard-de-Portneuf 3,MÉ,"1,140","1,113r",141.80
1123,Saint-Ubalde,MÉ,"1,456","1,412",140.72
1124,Sainte-Christine-d'Auvergne 3,MÉ,617,551r,143.60
1125,Rimouski-Neigette,MRC,"57,191","56,650","2,703.99"
1126,Rimouski 4,V,"48,935","48,664r",339.13
1127,La Trinité-des-Monts,PE,233,223,233.07
1128,Saint-Anaclet-de-Lessard,PE,"3,019","3,071",126.37
1129,Saint-Eugène-de-Ladrière 3,PE,413,378r,331.36
1130,Saint-Fabien,PE,"1,834","1,837",119.92
1131,Saint-Marcellin,PE,397,353,117.19
1132,Saint-Narcisse-de-Rimouski,PE,"1,084",961,162.40
1133,Saint-Valérien 7,PE,906,"835E,r",145.02
1134,Lac-Huron 3,NO,30,10r,960.57
1135,Esprit-Saint,MÉ,340,341,168.96
1136,Rivière-du-Loup,MRC,"35,338","33,958","1,276.86"
1137,Rivière-du-Loup,V,"20,118","19,507",83.74
1138,Notre-Dame-des-Sept-Douleurs,PE,71,36,11.53
1139,Saint-Arsène,PE,"1,245","1,230",70.81
1140,Saint-Paul-de-la-Croix,PE,313,309,78.42
1141,Cacouna,MÉ,"1,848","1,803",62.75
1142,L'Isle-Verte,MÉ,"1,356","1,294",119.15
1143,Notre-Dame-du-Portage,MÉ,"1,296","1,151",40.06
1144,Saint-Antonin,MÉ,"4,338","4,049",175.93
1145,Saint-Cyprien,MÉ,"1,078","1,066",138.43
1146,Saint-François-Xavier-de-Viger,MÉ,247,245,111.27
1147,Saint-Hubert-de-Rivière-du-Loup,MÉ,"1,412","1,279",192.20
1148,Saint-Modeste,MÉ,"1,180","1,162",109.72
1149,Saint-Épiphane,MÉ,836,827,82.85
1150,Robert-Cliche,MRC,"19,253","19,125",839.60
1151,Tring-Jonction 5,VL,"1,526","1,448r",27.32
1152,Beauceville 5,V,"6,185","6,291r",164.59
1153,Saint-Joseph-de-Beauce 5,V,"5,014","4,858r",114.70
1154,Saint-Frédéric 5,PE,"1,065",997r,72.35
1155,Saint-Jules,PE,547,539,55.73
1156,Saint-Odilon-de-Cranbourne,PE,"1,407","1,374",130.61
1157,Saint-Séverin,PE,300,278,58.92
1158,Saint-Alfred 5,MÉ,519,482r,43.49
1159,Saint-Joseph-des-Érables,MÉ,377,410,51.43
1160,Saint-Victor,MÉ,"2,313","2,448",120.45
1161,Roussillon 2,MRC,"185,568","171,443",420.44
1162,Candiac,V,"22,997","21,047",17.27
1163,Châteauguay,V,"50,815","47,906",34.31
1164,Delson,V,"8,328","7,457",7.64
1165,La Prairie,V,"26,406","24,110",43.47
1166,Léry,V,"2,390","2,318",10.36
1167,Mercier,V,"14,626","13,115",45.96
1168,Saint-Constant,V,"29,954","27,359",57.06
1169,Saint-Philippe,V,"7,597","6,320",61.96
1170,Sainte-Catherine,V,"17,347","17,047",9.37
1171,Saint-Isidore,PE,"2,769","2,608",52.29
1172,Saint-Mathieu,MÉ,"2,339","2,156",31.41
1173,Kahnawake 6,IRI,..,..,49.34
1174,Rouville,MRC,"37,889","36,536",482.80
1175,Marieville,V,"11,332","10,725",63.23
1176,Richelieu,V,"5,742","5,236",30.96
1177,Saint-Césaire,V,"5,972","5,877",83.06
1178,Ange-Gardien,MÉ,"2,889","2,699",90.21
1179,Rougemont,MÉ,"2,696","2,755",43.91
1180,Saint-Mathias-sur-Richelieu,MÉ,"4,544","4,531",47.02
1181,Saint-Paul-d'Abbotsford,MÉ,"2,886","2,890",79.60
1182,Sainte-Angèle-de-Monnoir,MÉ,"1,828","1,823",44.80
1183,Thérèse-De Blainville,MRC,"163,632","157,103",206.52
1184,Blainville,V,"59,819","56,863",54.97
1185,Bois-des-Filion,V,"10,159","9,636",4.36
1186,Boisbriand,V,"28,308","26,884",27.67
1187,Lorraine,V,"9,502","9,352",5.90
1188,Rosemère,V,"14,090","13,958",10.68
1189,Sainte-Anne-des-Plaines,V,"15,221","14,421",93.44
1190,Sainte-Thérèse,V,"26,533","25,989",9.48
1191,Témiscamingue,MRC,"16,132","15,980","16,327.26"
1192,Belleterre,V,285,313,544.49
1193,Témiscaming,V,"2,368","2,431",710.84
1194,Ville-Marie,V,"2,464","2,584",5.83
1195,Hunter's Point,S-É,5,10,1.30
1196,Winneway,S-É,176,104,0.33
1197,Saint-Édouard-de-Fabre,PE,671,628,190.29
1198,Laniel,NO,89,82,408.20
1199,Les Lacs-du-Témiscamingue,NO,10,15,"10,366.89"
1200,Béarn 3,MÉ,708,720r,496.28
1201,Duhamel-Ouest,MÉ,945,878,91.49
1202,Fugèreville,MÉ,326,326,157.12
1203,Kipawa 5,MÉ,446,499r,35.58
1204,Laforce,MÉ,320,231,436.78
1205,Laverlochère-Angliers 5,MÉ,947,978r,400.83
1206,Lorrainville,MÉ,"1,286","1,272",87.91
1207,Moffet,MÉ,206,187,340.31
1208,Notre-Dame-du-Nord,MÉ,"1,090","1,052",74.34
1209,Rémigny,MÉ,287,280,894.05
1210,Saint-Bruno-de-Guigues,MÉ,"1,185","1,154",125.77
1211,Saint-Eugène-de-Guigues,MÉ,458,465,109.52
1212,Kebaowek 5,IRI,326,291r,0.57
1213,Timiskaming,IRI,541,539,18.39
1214,Latulipe-et-Gaboury,CU,320,295,270.11
1215,Guérin,CT,333,320,188.52
1216,Nédélec,CT,340,356,371.49
1217,Témiscouata,MRC,"19,492","19,574","3,900.42"
1218,Dégelis,V,"2,884","2,863",556.78
1219,Pohénégamook,V,"2,481","2,582",339.99
1220,Témiscouata-sur-le-Lac,V,"5,054","4,910",218.81
1221,Packington,PE,578,603,118.75
1222,Saint-Eusèbe,PE,587,593,129.56
1223,Saint-Louis-du-Ha! Ha!,PE,"1,311","1,292",112.23
1224,Saint-Marc-du-Lac-Long,PE,365,397,148.64
1225,Auclair,MÉ,447,448,105.78
1226,Biencourt,MÉ,433,464,187.12
1227,Lac-des-Aigles,MÉ,495,512,86.63
1228,Lejeune,MÉ,246,262,270.13
1229,Rivière-Bleue,MÉ,"1,261","1,230",173.42
1230,Saint-Athanase,MÉ,303,317,292.63
1231,Saint-Elzéar-de-Témiscouata,MÉ,311,321,151.14
1232,Saint-Honoré-de-Témiscouata,MÉ,763,741,262.97
1233,Saint-Jean-de-la-Lande 3,MÉ,232,248r,107.03
1234,Saint-Juste-du-Lac,MÉ,543,561,166.94
1235,Saint-Michel-du-Squatec,MÉ,"1,076","1,113",361.23
1236,Saint-Pierre-de-Lamy,MÉ,122,117,110.63
1237,Vaudreuil-Soulanges,MRC,"162,600","149,349",854.19
1238,Pointe-Fortune,VL,582,580,8.09
1239,Pointe-des-Cascades,VL,"1,775","1,481",2.74
1240,Vaudreuil-sur-le-Lac,VL,"1,361","1,341",1.38
1241,Coteau-du-Lac,V,"7,473","7,044",46.87
1242,Hudson 4,V,"5,411","5,157r",21.79
1243,L'Île-Cadieux,V,120,126,0.59
1244,L'Île-Perrot,V,"11,638","10,756",5.46
1245,Notre-Dame-de-l'Île-Perrot,V,"11,427","10,654",28.06
1246,Pincourt,V,"14,751","14,558",7.10
1247,Rigaud,V,"7,854","7,777",99.20
1248,Saint-Lazare 4,V,"22,354","19,917r",66.86
1249,Vaudreuil-Dorion,V,"43,268","38,117",72.65
1250,Les Coteaux,MÉ,"5,643","5,368",11.64
1251,Les Cèdres,MÉ,"7,184","6,777",77.63
1252,Rivière-Beaudette,MÉ,"2,489","2,097",18.48
1253,Saint-Clet,MÉ,"1,700","1,779",39.32
1254,Saint-Polycarpe,MÉ,"2,372","2,224",69.88
1255,Saint-Télesphore,MÉ,754,759,60.10
1256,Saint-Zotique,MÉ,"9,618","7,934",25.04
1257,Sainte-Justine-de-Newton,MÉ,947,922,84.59
1258,Sainte-Marthe,MÉ,"1,014","1,097",79.60
1259,Terrasse-Vaudreuil,MÉ,"1,887","1,986",1.06
1260,Très-Saint-Rédempteur,MÉ,978,898,26.06
1261,Francheville,CDR,"158,343","153,030","1,160.67"
1262,Trois-Rivières,V,"139,163","134,413",288.65
1263,Notre-Dame-du-Mont-Carmel,PE,"6,121","5,751",128.29
1264,Saint-Maurice,PE,"3,432","3,286",91.36
1265,Saint-Narcisse,PE,"1,801","1,832",106.74
1266,Sainte-Geneviève-de-Batiscan,PE,"1,028","1,006",97.65
1267,Batiscan,MÉ,958,903,43.25
1268,Champlain,MÉ,"1,807","1,735",58.17
1269,Saint-Luc-de-Vincennes,MÉ,519,545,53.78
1270,Saint-Prosper-de-Champlain,MÉ,482,530,94.11
1271,Saint-Stanislas,MÉ,"1,001","1,010",89.38
1272,Sainte-Anne-de-la-Pérade,MÉ,"2,031","2,019",109.28
1273,Le Saguenay-et-son-Fjord,CDR,"167,833","167,549","39,797.25"
1274,Saguenay,V,"144,723","145,949","1,124.63"
1275,Saint-Honoré,V,"6,376","5,757",189.38
1276,Sainte-Rose-du-Nord,PE,434,439,116.61
1277,Lac-Ministuk,NO,58,0,"1,478.79"
1278,Lalemant,NO,0,0,190.57
1279,Mont-Valin,NO,10,0,"33,540.39"
1280,Bégin,MÉ,851,818,189.67
1281,Ferland-et-Boilleau,MÉ,632,540,383.09
1282,L'Anse-Saint-Jean,MÉ,"1,301","1,201",501.79
1283,Larouche,MÉ,"1,601","1,486",84.71
1284,Petit-Saguenay,MÉ,600,634,329.63
1285,Rivière-Éternité,MÉ,414,413,473.17
1286,Saint-Ambroise,MÉ,"3,883","3,781",149.37
1287,Saint-Charles-de-Bourget,MÉ,784,736,62.13
1288,Saint-David-de-Falardeau,MÉ,"2,996","2,768",398.25
1289,Saint-Fulgence,MÉ,"2,061","2,071",351.91
1290,Saint-Félix-d'Otis,MÉ,"1,109",956,233.16
1291,Minganie--Le Golfe-du-Saint-Laurent 2,CDR,"9,849","11,323","94,027.07"
1292,Pakuashipi 6,S-É,..,237,3.87
1293,Lac-Jérôme,NO,0,0,"40,019.70"
1294,Petit-Mécatina,NO,0,0,"35,347.19"
1295,Aguanish,MÉ,224,245,532.04
1296,Baie-Johan-Beetz,MÉ,84,86,327.46
1297,Blanc-Sablon,MÉ,"1,122","1,112",234.98
1298,Bonne-Espérance,MÉ,692,681,622.99
1299,Côte-Nord-du-Golfe-du-Saint-Laurent,MÉ,787,856,"2,597.05"
1300,Gros-Mécatina 3,MÉ,356,451r,742.15
1301,Havre-Saint-Pierre,MÉ,"3,337","3,460","2,570.09"
1302,L'Île-d'Anticosti,MÉ,177,218,"7,715.99"
1303,Longue-Pointe-de-Mingan,MÉ,408,434,370.03
1304,Natashquan,MÉ,262,263,667.91
1305,Rivière-Saint-Jean,MÉ,227,215,513.36
1306,Rivière-au-Tonnerre,MÉ,281,279,605.14
1307,Saint-Augustin,MÉ,425,445,"1,137.68"
1308,Mingan,IRI,552,552,17.24
1309,Nutashkuan,IRI,915,835,1.35
1310,Romaine 2 6,IRI,..,977,0.84
1311,Nord-du-Québec,CDR,"45,740","44,561","707,306.52"
1312,Akulivik,VN,642,633,75.02
1313,Aupaluk,VN,233,209,28.68
1314,Inukjuak,VN,"1,821","1,757",54.92
1315,Ivujivik,VN,412,414,35.15
1316,Kangiqsualujjuaq,VN,956,942,34.33
1317,Kangiqsujuaq,VN,837,750,12.41
1318,Kangirsuk,VN,561,567,57.15
1319,Kuujjuaq,VN,"2,668","2,754",289.97
1320,Kuujjuarapik 5,VN,792,654r,7.45
1321,Puvirnituq,VN,"2,129","1,779",81.61
1322,Quaqtaq,VN,453,403,25.82
1323,Salluit,VN,"1,580","1,483",15.08
1324,Tasiujaq,VN,420,369,65.53
1325,Umiujaq,VN,541,442,28.38
1326,Kawawachikamach,VK,0,0,234.80
1327,Chisasibi,VC,0,0,480.29
1328,Eastmain,VC,0,0,317.72
1329,Mistissini,VC,10,0,488.03
1330,Nemaska,VC,0,0,47.89
1331,Waskaganish,VC,0,0,274.22
1332,Waswanipi,VC,0,0,213.35
1333,Wemindji,VC,0,0,169.12
1334,Whapmagoostui,VC,0,0,120.86
1335,Chapais,V,"1,468","1,499",62.31
1336,Chibougamau,V,"7,233","7,504",694.87
1337,Lebel-sur-Quévillon,V,"2,091","2,187",44.41
1338,Matagami,V,"1,402","1,453",75.12
1339,Akulivik,TI,0,0,433.92
1340,Aupaluk,TI,0,0,525.88
1341,Inukjuak,TI,0,0,420.69
1342,Ivujivik,TI,0,0,438.05
1343,Kangiqsualujjuaq,TI,0,0,530.48
1344,Kangiqsujuaq,TI,0,0,561.33
1345,Kangirsuk,TI,0,0,512.43
1346,Kuujjuaq,TI,0,0,315.46
1347,Kuujjuarapik,TI,0,0,289.92
1348,Quaqtaq,TI,0,0,503.65
1349,Salluit,TI,0,0,591.68
1350,Tasiujaq,TI,0,0,492.69
1351,Umiujaq,TI,0,0,253.95
1352,Chisasibi,TC,"4,985","4,872",825.11
1353,Eastmain,TC,924,866,148.99
1354,Mistissini,TC,"3,731","3,523",807.75
1355,Nemaska,TC,832,760,98.42
1356,Oujé-Bougoumou 5,TC,797,747r,96.22
1357,Waskaganish,TC,"2,536","2,196",496.99
1358,Waswanipi,TC,459,"1,759",385.83
1359,Wemindji,TC,"1,562","1,444",387.37
1360,Whapmagoostui 5,TC,"1,022","1,016r",190.83
1361,Baie-d'Hudson,NO,5,0,"120,831.34"
1362,Rivière-Koksoak,NO,0,0,"290,009.61"
1363,Eeyou Istchee Baie-James 5,GR,"2,638","1,579r","283,123.42"
1364,Sept-Rivières--Caniapiscau,CDR,"38,240","39,322","94,464.35"
1365,Fermont,V,"2,256","2,474",451.12
1366,Port-Cartier,V,"6,516","6,799","1,092.75"
1367,Schefferville 5,V,244,130r,24.76
1368,Sept-Îles,V,"24,569","25,400","1,742.88"
1369,Kawawachikamach,TK,641,601,32.51
1370,Caniapiscau,NO,0,0,"30,108.23"
1371,Lac-Juillet,NO,0,0,"2,865.50"
1372,Lac-Vacher,NO,44,0,454.03
1373,Lac-Walker,NO,113,108,"17,162.43"
1374,Rivière-Mouchalagane,NO,15,5,"30,999.10"
1375,Rivière-Nipissis,NO,0,0,"9,522.28"
1376,Lac-John,IRI,21,33,0.50
1377,Maliotenam,IRI,"1,610","1,542",5.20
1378,Matimekosh 5,IRI,661,638r,0.69
1379,Uashat 27,IRI,"1,550","1,592",2.36
